<?xml version="1.0" encoding="UTF-8"?>
<!DOCTYPE module PUBLIC "-//Puppy Crawl//DTD Check Configuration 1.3//EN" "http://www.puppycrawl.com/dtds/configuration_1_3.dtd">

<!--
    This configuration file was written by the eclipse-cs plugin configuration editor
-->
<!--
    Checkstyle-Configuration: ABB
    Description: none
-->
<module name="Checker">
  <property name="severity" value="warning"/>
  <property name="charset" value="UTF-8"/>
  <module name="TreeWalker">
    <module name="ArrayTypeStyle"/>
    <module name="AvoidInlineConditionals"/>
    <module name="AvoidNestedBlocks"/>
    <module name="EmptyBlock">
      <property name="tokens" value="LITERAL_CATCH, LITERAL_DO, LITERAL_ELSE, LITERAL_FINALLY, LITERAL_IF, LITERAL_FOR, LITERAL_TRY, LITERAL_WHILE, STATIC_INIT"/>
    </module>
    <module name="AvoidStarImport"/>
    <module name="ConstantName">
      <property name="format" value="^[A-Z](_?[A-Z0-9]+)*$"/>
    </module>
    <module name="DesignForExtension">
      <property name="severity" value="ignore"/>
      <metadata name="net.sf.eclipsecs.core.lastEnabledSeverity" value="inherit"/>
    </module>
    <module name="EmptyForIteratorPad"/>
    <module name="EmptyStatement"/>
    <module name="EqualsHashCode"/>
    <module name="FinalClass">
      <property name="severity" value="ignore"/>
      <metadata name="net.sf.eclipsecs.core.lastEnabledSeverity" value="inherit"/>
    </module>
    <module name="FinalParameters">
      <property name="severity" value="ignore"/>
      <property name="tokens" value="METHOD_DEF, CTOR_DEF"/>
      <metadata name="net.sf.eclipsecs.core.lastEnabledSeverity" value="inherit"/>
    </module>
    <module name="HiddenField"/>
    <module name="HideUtilityClassConstructor"/>
    <module name="IllegalImport"/>
    <module name="IllegalInstantiation"/>
    <module name="InnerAssignment">
      <property name="tokens" value="ASSIGN, BAND_ASSIGN, BOR_ASSIGN, BSR_ASSIGN, BXOR_ASSIGN, DIV_ASSIGN, MINUS_ASSIGN, MOD_ASSIGN, PLUS_ASSIGN, SL_ASSIGN, SR_ASSIGN, STAR_ASSIGN"/>
    </module>
    <module name="InterfaceIsType">
      <property name="severity" value="ignore"/>
      <metadata name="net.sf.eclipsecs.core.lastEnabledSeverity" value="inherit"/>
    </module>
    <module name="JavadocMethod">
      <property name="tokens" value="METHOD_DEF, CTOR_DEF"/>
    </module>
    <module name="JavadocType">
      <property name="authorFormat" value="[a-zA-Z]+ *[a-zA-Z]+$"/>
      <property name="tokens" value="CLASS_DEF, INTERFACE_DEF"/>
    </module>
    <module name="JavadocVariable"/>
    <module name="LeftCurly">
      <property name="option" value="nl"/>
      <property name="tokens" value="CLASS_DEF, CTOR_DEF, INTERFACE_DEF, LITERAL_CATCH, LITERAL_DO, LITERAL_ELSE, LITERAL_FINALLY, LITERAL_FOR, LITERAL_IF, LITERAL_SWITCH, LITERAL_SYNCHRONIZED, LITERAL_TRY, LITERAL_WHILE, METHOD_DEF"/>
    </module>
    <module name="LineLength">
      <property name="max" value="200"/>
    </module>
    <module name="LocalFinalVariableName">
      <property name="format" value="^[A-Z](_?[A-Z0-9]+)*$"/>
    </module>
    <module name="LocalVariableName"/>
    <module name="MagicNumber">
      <property name="tokens" value="NUM_DOUBLE, NUM_FLOAT, NUM_INT, NUM_LONG"/>
    </module>
    <module name="MemberName">
      <property name="format" value="^[a-z][a-zA-Z0-9]*_$"/>
    </module>
    <module name="MethodLength">
      <property name="max" value="120"/>
    </module>
    <module name="MethodName"/>
    <module name="MissingSwitchDefault"/>
    <module name="ModifierOrder"/>
    <module name="NeedBraces">
      <property name="tokens" value="LITERAL_DO, LITERAL_ELSE, LITERAL_IF, LITERAL_FOR, LITERAL_WHILE"/>
    </module>
    <module name="NoWhitespaceAfter">
      <property name="severity" value="ignore"/>
      <metadata name="net.sf.eclipsecs.core.lastEnabledSeverity" value="inherit"/>
    </module>
    <module name="NoWhitespaceBefore"/>
    <module name="OperatorWrap"/>
    <module name="PackageName">
      <property name="format" value="^[a-z]+(\.[a-z_][a-z0-9_]*)*$"/>
    </module>
    <module name="ParameterName"/>
    <module name="ParameterNumber"/>
    <module name="ParenPad"/>
    <module name="RedundantImport"/>
    <module name="RedundantModifier"/>
    <module name="RightCurly">
      <property name="option" value="alone"/>
      <property name="tokens" value="LITERAL_CATCH, LITERAL_ELSE, LITERAL_TRY"/>
    </module>
    <module name="SimplifyBooleanExpression">
      <property name="severity" value="ignore"/>
      <metadata name="net.sf.eclipsecs.core.lastEnabledSeverity" value="inherit"/>
    </module>
    <module name="SimplifyBooleanReturn"/>
    <module name="StaticVariableName">
      <property name="format" value="^[a-z][a-zA-Z0-9]*__$"/>
    </module>
    <module name="TodoComment">
      <property name="severity" value="ignore"/>
      <metadata name="net.sf.eclipsecs.core.lastEnabledSeverity" value="inherit"/>
    </module>
    <module name="TypeName">
      <property name="tokens" value="CLASS_DEF, INTERFACE_DEF"/>
    </module>
    <module name="UnusedImports"/>
    <module name="UpperEll"/>
    <module name="VisibilityModifier">
      <property name="severity" value="ignore"/>
      <metadata name="net.sf.eclipsecs.core.lastEnabledSeverity" value="inherit"/>
    </module>
    <module name="WhitespaceAfter">
      <property name="tokens" value="COMMA, SEMI"/>
    </module>
    <module name="WhitespaceAround"/>
    <module name="NestedIfDepth">
      <property name="max" value="3"/>
    </module>
    <module name="NestedTryDepth">
      <property name="max" value="3"/>
    </module>
    <module name="JavadocVariable">
      <property name="scope" value="package"/>
    </module>
    <module name="MissingOverride">
      <property name="javaFiveCompatibility" value="true"/>
    </module>
    <module name="BooleanExpressionComplexity"/>
    <module name="CyclomaticComplexity">
      <property name="max" value="30"/>
    </module>
    <module name="MissingCtor"/>
  </module>
  <module name="FileLength">
    <property name="max" value="800"/>
  </module>
  <module name="FileTabCharacter">
    <property name="severity" value="ignore"/>
    <metadata name="net.sf.eclipsecs.core.lastEnabledSeverity" value="inherit"/>
  </module>
</module>
