<?xml version="1.0" encoding="UTF-8"?>
<!DOCTYPE mapper PUBLIC "-//mybatis.org//DTD Mapper 3.0//EN" "http://mybatis.org/dtd/mybatis-3-mapper.dtd">
<mapper namespace="com.acromyanmar.springboot.dao.BookDao">
	<resultMap type="com.acromyanmar.springboot.entity.Book" id="book">
		<id property="bookId" column="id" />
		<result property="titleOfBook" column="title_of_book" />
		<result property="author" column="author" />
		<result property="publisher" column="publisher" />
		<result property="categoryId" column="category_id" />
		<result property="returnScheduleDate" column="return_schedule_date" />
		<result property="outline" column="outline" />
	</resultMap>
	<resultMap type="com.acromyanmar.springboot.entity.Category"
		id="category">
		<id property="categoryId" column="category_id" />
		<result property="categoryName" column="category_name" />
	</resultMap>

	<select id="getAllBookList" resultMap="book"
		parameterType="com.acromyanmar.springboot.entity.Book">
		SELECT * from book;
	</select>

	<select id="getBookById" resultMap="book">

		SELECT book.*,tbl_category.category_name from book LEFT JOIN
		tbl_category ON book.category_id=tbl_category.category_id where
		id=#{id}
	</select>

	<insert id="addBook">
		INSERT INTO book
		(title_of_book,author,publisher,category_id,return_schedule_date,outline)
		VALUES (#{titleOfBook_}, #{author_}, #{publisher_}, #{categoryId_},
		#{returnScheduleDate_}, #{outline_})
	</insert>

</mapper>
