<?xml version="1.0" encoding="UTF-8"?>
<!DOCTYPE mapper PUBLIC "-//mybatis.org//DTD Mapper 3.0//EN" "http://mybatis.org/dtd/mybatis-3-mapper.dtd">
<mapper namespace="com.acromyanmar.springboot.dao.CategoryDao">
	<resultMap type="com.acromyanmar.springboot.entity.Category"
		id="category">

		<id property="categoryId" column="category_id" />
		<result property="categoryName" column="category_name" />

	</resultMap>

	<select id="getCategoryList" resultMap="category"
		parameterType="com.acromyanmar.springboot.entity.Category">
		SELECT * FROM category

	</select>

	<select id="getCategoryById" resultMap="category"
		parameterType="com.acromyanmar.springboot.entity.Category">
		SELECT * FROM category WHERE category_id=#{id}

	</select>

</mapper>
